{"cameraMode":{"drawMode":0,"name":"Shaded","section":"Shading Mode"},"sceneLighting":true,"audioPlay":false,"sceneViewState":{"showFog":true,"showMaterialUpdate":false,"showSkybox":true,"showFlares":true,"showImageEffects":true,"showParticleSystems":true},"in2DMode":false,"pivot":{"x":-40.24317932128906,"y":-11.345909118652344,"z":112.16580200195313},"rotation":{"x":-0.16788114607334138,"y":0.7128059267997742,"z":-0.18238872289657594,"w":-0.6561034917831421},"size":44.17318344116211,"orthographic":false}