{"cameraMode":{"drawMode":0,"name":"Shaded","section":"Shading Mode"},"sceneLighting":true,"audioPlay":false,"sceneViewState":{"showFog":true,"showMaterialUpdate":false,"showSkybox":true,"showFlares":true,"showImageEffects":true,"showParticleSystems":true},"in2DMode":false,"pivot":{"x":-13.021745681762696,"y":-46.579978942871097,"z":192.27740478515626},"rotation":{"x":0.2609334886074066,"y":-0.7378195524215698,"z":0.4645285904407501,"w":0.41444846987724306},"size":76.9991455078125,"orthographic":false}