{"cameraMode":{"drawMode":0,"name":"Shaded","section":"Shading Mode"},"sceneLighting":true,"audioPlay":false,"sceneViewState":{"showFog":true,"showMaterialUpdate":false,"showSkybox":true,"showFlares":true,"showImageEffects":true,"showParticleSystems":true},"in2DMode":false,"pivot":{"x":-275.7398376464844,"y":-92.1640396118164,"z":291.633544921875},"rotation":{"x":0.16703079640865327,"y":-0.5851728916168213,"z":0.12472539395093918,"w":0.7836581468582153},"size":194.78793334960938,"orthographic":false}